"age","PrevCall","city","hour","gander","Period_type","topic"
31,23,"hefa","7:11","female","Normal_days","complaint"
33,8,"ashklon","24:46","male","Summer_vacation","joining"
39,27,"hefa","13:43","male","Normal_days","Disconnection"
47,14,"hedera","6:05","female","Normal_days","Disconnection"
42,28,"hefa","16:19","male","Summer_vacation","Disconnection"
48,20,"hefa","11:33","male","Holidays","Service"
43,6,"ashklon","7:10","female","Holidays","Disconnection"
28,9,"ariel","14:06","female","Summer_vacation","Disconnection"
38,11,"hedera","8:52","male","Summer_vacation","Service"
22,16,"ashklon","3:08","female","Normal_days","joining"
41,7,"telaviv","3:42","female","Normal_days","complaint"
26,1,"ariel","22:06","male","Normal_days","Service"
31,21,"ntanya","23:56","female","Summer_vacation","complaint"
34,12,"ariel","14:38","male","Normal_days","complaint"
40,24,"ntanya","24:34","male","Holidays","complaint"
46,3,"ariel","10:40","male","Normal_days","complaint"
39,5,"ntanya","3:51","male","Holidays","complaint"
20,18,"ariel","14:09","male","Holidays","joining"
27,8,"ashklon","13:37","female","Summer_vacation","complaint"
34,11,"hefa","15:09","male","Holidays","joining"
25,22,"karmel","15:54","female","Normal_days","joining"
48,2,"hefa","19:26","male","Summer_vacation","complaint"
37,10,"karmel","19:59","female","Normal_days","Service"
26,27,"karmel","12:18","male","Summer_vacation","Service"
38,19,"telaviv","17:03","female","Holidays","joining"
28,2,"ashklon","16:29","female","Summer_vacation","joining"
27,15,"karmel","24:35","female","Summer_vacation","complaint"
24,8,"karmel","1:52","male","Normal_days","joining"
26,26,"karmel","17:49","female","Normal_days","joining"
30,12,"hefa","2:26","male","Holidays","joining"
23,4,"ashklon","21:35","female","Normal_days","joining"
46,10,"telaviv","9:29","female","Holidays","Service"
46,9,"ntanya","15:04","female","Summer_vacation","complaint"
47,17,"karmel","8:54","male","Summer_vacation","joining"
34,16,"hedera","23:19","female","Holidays","complaint"
32,23,"ntanya","6:24","male","Normal_days","Disconnection"
25,24,"telaviv","9:45","female","Normal_days","Service"
40,23,"hedera","17:28","male","Holidays","complaint"
27,1,"ariel","19:10","female","Normal_days","joining"
35,29,"ariel","6:47","male","Holidays","joining"
41,2,"ashklon","1:59","female","Holidays","joining"
45,29,"ariel","3:37","male","Holidays","Service"
44,11,"hedera","5:05","female","Normal_days","joining"
20,28,"telaviv","7:31","female","Holidays","complaint"
35,7,"telaviv","23:56","female","Summer_vacation","complaint"
33,22,"hedera","21:56","male","Normal_days","Disconnection"
49,20,"ashklon","15:19","male","Summer_vacation","joining"
37,19,"ariel","7:38","female","Normal_days","complaint"
47,15,"ariel","18:29","female","Summer_vacation","complaint"
43,20,"ashklon","23:48","male","Normal_days","joining"
31,26,"hedera","2:50","male","Holidays","complaint"
27,23,"karmel","6:55","female","Holidays","complaint"
36,12,"ariel","13:43","female","Normal_days","complaint"
32,20,"ashklon","17:33","female","Summer_vacation","complaint"
39,25,"ntanya","10:02","male","Summer_vacation","Disconnection"
31,24,"telaviv","12:22","female","Normal_days","Disconnection"
36,19,"ariel","17:00","male","Holidays","joining"
28,2,"hedera","12:47","male","Normal_days","Disconnection"
40,13,"telaviv","11:39","female","Summer_vacation","Service"
49,16,"ashklon","13:57","female","Normal_days","joining"
29,8,"telaviv","18:14","male","Holidays","Disconnection"
26,6,"ariel","24:30","male","Normal_days","complaint"
23,29,"ariel","13:51","female","Normal_days","Service"
32,16,"hefa","1:23","male","Holidays","complaint"
45,23,"telaviv","10:18","male","Summer_vacation","Disconnection"
23,25,"ntanya","22:53","male","Holidays","complaint"
20,28,"telaviv","6:42","female","Summer_vacation","joining"
47,9,"ntanya","15:03","female","Holidays","complaint"
34,23,"ariel","7:44","female","Normal_days","Disconnection"
48,20,"hefa","18:41","female","Holidays","Disconnection"
39,21,"karmel","20:54","female","Summer_vacation","Disconnection"
26,18,"hefa","9:24","male","Holidays","Disconnection"
48,12,"ariel","7:03","female","Normal_days","Disconnection"
40,13,"hefa","3:41","female","Holidays","complaint"
25,24,"hedera","24:02","male","Summer_vacation","Service"
43,7,"karmel","12:59","male","Normal_days","Service"
45,23,"ariel","21:00","male","Holidays","Disconnection"
21,27,"hefa","19:21","male","Summer_vacation","complaint"
31,9,"hedera","1:25","female","Normal_days","complaint"
35,6,"karmel","19:41","female","Summer_vacation","Service"
37,21,"ashklon","24:07","male","Normal_days","complaint"
38,25,"ntanya","23:37","female","Summer_vacation","complaint"
32,20,"hedera","4:45","male","Holidays","joining"
39,24,"ashklon","8:02","female","Summer_vacation","complaint"
22,13,"ashklon","22:08","male","Summer_vacation","Disconnection"
28,24,"ntanya","17:32","female","Summer_vacation","Disconnection"
30,25,"ashklon","5:52","female","Holidays","Service"
35,20,"hefa","16:29","male","Normal_days","Disconnection"
45,15,"hedera","17:42","male","Holidays","complaint"
29,27,"hedera","11:21","male","Normal_days","Disconnection"
25,29,"telaviv","9:56","female","Summer_vacation","Disconnection"
25,15,"telaviv","4:33","male","Holidays","Disconnection"
45,28,"ntanya","7:20","female","Summer_vacation","joining"
40,8,"karmel","13:21","male","Summer_vacation","complaint"
42,15,"ntanya","21:40","female","Holidays","joining"
47,13,"ntanya","4:48","female","Normal_days","Service"
37,9,"ntanya","16:05","male","Summer_vacation","Service"
41,6,"ashklon","16:41","female","Summer_vacation","Disconnection"
29,22,"ashklon","21:56","male","Holidays","Service"
47,17,"ariel","6:35","female","Normal_days","complaint"
35,4,"hedera","12:37","female","Summer_vacation","complaint"
23,5,"ntanya","18:46","male","Normal_days","Disconnection"
30,9,"karmel","7:45","male","Summer_vacation","joining"
30,27,"telaviv","12:22","male","Normal_days","complaint"
32,19,"karmel","3:54","male","Summer_vacation","complaint"
31,11,"ashklon","19:23","male","Normal_days","complaint"
40,9,"karmel","24:40","male","Holidays","complaint"
37,26,"karmel","24:46","male","Holidays","complaint"
46,24,"hedera","20:04","female","Summer_vacation","complaint"
33,16,"hefa","18:20","male","Holidays","complaint"
46,6,"hedera","19:25","female","Summer_vacation","joining"
20,3,"ashklon","4:44","male","Holidays","Disconnection"
24,18,"hedera","8:21","male","Summer_vacation","Disconnection"
43,15,"hedera","4:47","female","Normal_days","Service"
43,6,"hedera","22:22","male","Normal_days","joining"
38,20,"telaviv","15:55","male","Holidays","Disconnection"
29,24,"hefa","12:34","male","Summer_vacation","Service"
23,6,"hefa","19:33","female","Normal_days","joining"
43,5,"ashklon","18:08","male","Summer_vacation","complaint"
36,3,"hefa","1:26","female","Holidays","joining"
42,16,"ntanya","7:58","female","Normal_days","joining"
29,28,"ashklon","20:27","female","Summer_vacation","joining"
45,28,"hedera","16:11","male","Summer_vacation","Disconnection"
25,10,"karmel","21:49","male","Summer_vacation","Service"
49,24,"karmel","8:54","female","Summer_vacation","joining"
42,9,"ariel","10:08","male","Summer_vacation","joining"
43,7,"hedera","9:42","male","Holidays","Disconnection"
39,25,"karmel","24:12","male","Summer_vacation","Disconnection"
42,2,"karmel","8:34","female","Normal_days","Service"
22,23,"ashklon","13:32","female","Holidays","joining"
27,8,"hefa","21:18","female","Holidays","joining"
21,7,"telaviv","22:54","female","Normal_days","Service"
26,21,"ariel","23:52","female","Holidays","Service"
20,15,"ashklon","10:53","male","Holidays","Disconnection"
40,17,"hefa","6:13","female","Summer_vacation","complaint"
38,8,"ariel","17:09","male","Normal_days","complaint"
40,17,"ashklon","13:38","male","Summer_vacation","complaint"
43,16,"karmel","16:15","female","Holidays","complaint"
35,23,"hefa","20:14","female","Summer_vacation","Disconnection"
47,2,"telaviv","6:01","female","Holidays","Disconnection"
38,10,"ariel","13:54","female","Holidays","Service"
49,6,"telaviv","7:23","female","Normal_days","Service"
38,17,"hefa","16:18","male","Holidays","Disconnection"
28,11,"ntanya","23:34","female","Holidays","Service"
28,23,"karmel","23:32","female","Summer_vacation","joining"
48,28,"ashklon","22:57","female","Summer_vacation","Service"
22,18,"ariel","21:06","female","Normal_days","joining"
42,12,"telaviv","5:21","male","Holidays","joining"
29,20,"hedera","0:27","female","Normal_days","Service"
42,30,"hedera","18:11","male","Summer_vacation","joining"
38,28,"ashklon","10:12","female","Holidays","joining"
40,27,"telaviv","16:41","male","Summer_vacation","joining"
44,13,"hedera","9:24","female","Holidays","Service"
36,12,"ntanya","24:07","male","Summer_vacation","Service"
20,28,"hefa","7:02","female","Normal_days","joining"
37,21,"karmel","14:40","male","Holidays","complaint"
41,5,"hedera","11:06","female","Normal_days","Disconnection"
35,1,"hedera","12:40","male","Summer_vacation","complaint"
34,23,"ariel","20:34","male","Summer_vacation","complaint"
27,22,"karmel","16:19","male","Normal_days","Service"
45,23,"hedera","22:23","female","Normal_days","complaint"
21,10,"hefa","17:31","female","Normal_days","Disconnection"
35,9,"hefa","17:32","male","Holidays","complaint"
39,19,"telaviv","5:22","male","Normal_days","joining"
49,29,"hedera","2:14","female","Summer_vacation","complaint"
31,17,"ariel","10:51","female","Summer_vacation","joining"
47,27,"telaviv","14:08","female","Normal_days","Service"
32,21,"telaviv","14:14","female","Summer_vacation","Service"
23,12,"ashklon","17:25","female","Holidays","Service"
44,17,"ariel","13:16","male","Normal_days","complaint"
20,24,"ariel","13:34","female","Summer_vacation","Disconnection"
35,9,"hefa","20:40","male","Holidays","joining"
44,10,"ariel","12:32","female","Normal_days","joining"
28,7,"telaviv","12:46","female","Summer_vacation","complaint"
41,11,"ashklon","18:58","female","Summer_vacation","Disconnection"
27,30,"karmel","12:59","male","Holidays","joining"
47,12,"hedera","5:06","female","Holidays","Disconnection"
36,1,"ariel","11:50","female","Normal_days","joining"
47,8,"ariel","12:22","male","Holidays","Service"
33,2,"hefa","17:11","female","Normal_days","Disconnection"
36,13,"ariel","21:42","female","Normal_days","joining"
47,20,"karmel","8:19","male","Normal_days","Disconnection"
30,3,"hedera","9:30","female","Summer_vacation","complaint"
26,10,"hedera","21:12","female","Summer_vacation","Service"
29,22,"telaviv","21:11","female","Holidays","joining"
44,28,"telaviv","9:08","female","Normal_days","complaint"
41,3,"ariel","22:50","female","Holidays","joining"
45,8,"telaviv","10:46","male","Summer_vacation","Service"
47,16,"hedera","8:25","male","Summer_vacation","complaint"
36,7,"ntanya","13:42","female","Holidays","Disconnection"
41,20,"ashklon","2:12","female","Holidays","complaint"
36,3,"ashklon","23:36","male","Summer_vacation","complaint"
44,4,"ashklon","23:39","female","Holidays","Disconnection"
46,18,"karmel","19:58","female","Normal_days","joining"
26,10,"ashklon","10:11","male","Normal_days","complaint"
48,22,"ashklon","0:58","male","Summer_vacation","Disconnection"
36,7,"hedera","24:37","male","Normal_days","complaint"
40,21,"hefa","12:43","female","Normal_days","Disconnection"
47,8,"ariel","18:07","male","Summer_vacation","Service"
27,4,"ariel","6:01","female","Holidays","Service"
34,4,"ariel","15:08","female","Holidays","joining"
33,4,"hedera","7:39","female","Normal_days","Service"
44,29,"karmel","2:19","male","Holidays","Disconnection"
40,30,"ariel","6:33","female","Holidays","Service"
28,6,"ashklon","21:49","male","Summer_vacation","joining"
49,19,"hedera","11:13","female","Summer_vacation","Disconnection"
45,24,"ariel","12:50","male","Holidays","complaint"
26,5,"ntanya","19:49","male","Holidays","joining"
47,1,"hedera","1:48","female","Holidays","complaint"
29,19,"ariel","16:10","male","Holidays","Service"
35,18,"telaviv","7:21","male","Holidays","Service"
46,24,"ntanya","4:32","female","Holidays","complaint"
40,23,"hedera","12:01","female","Summer_vacation","joining"
35,2,"ariel","20:42","male","Summer_vacation","joining"
33,26,"hedera","23:55","female","Summer_vacation","Disconnection"
28,5,"ntanya","11:46","male","Summer_vacation","Service"
36,14,"hefa","16:32","male","Holidays","Service"
30,24,"ashklon","23:18","male","Normal_days","Disconnection"
39,24,"ashklon","23:20","female","Normal_days","joining"
23,15,"telaviv","2:58","female","Normal_days","complaint"
25,1,"ariel","23:32","female","Summer_vacation","Disconnection"
32,17,"ntanya","9:36","male","Holidays","Disconnection"
31,18,"ashklon","10:53","female","Holidays","joining"
35,22,"ntanya","5:40","male","Summer_vacation","joining"
32,2,"ashklon","10:37","female","Holidays","joining"
43,23,"hefa","14:31","male","Holidays","complaint"
37,13,"hefa","17:34","female","Normal_days","Disconnection"
23,21,"ariel","18:10","female","Holidays","Disconnection"
22,30,"ashklon","23:50","female","Holidays","joining"
34,20,"hefa","11:44","male","Normal_days","Disconnection"
42,12,"hedera","11:02","male","Holidays","Disconnection"
33,25,"ashklon","1:35","female","Holidays","Disconnection"
30,18,"ashklon","2:01","female","Normal_days","complaint"
49,22,"ntanya","4:24","male","Holidays","joining"
20,7,"hedera","12:28","male","Normal_days","joining"
41,29,"ariel","20:36","male","Holidays","Service"
42,11,"karmel","23:19","male","Normal_days","joining"
30,19,"hedera","23:53","male","Normal_days","Disconnection"
25,27,"hefa","4:03","male","Holidays","joining"
34,18,"hedera","22:27","male","Normal_days","Disconnection"
49,7,"ashklon","11:06","female","Summer_vacation","joining"
47,25,"hefa","10:23","male","Holidays","joining"
35,13,"hedera","7:37","male","Normal_days","Service"
37,4,"ashklon","11:25","female","Normal_days","complaint"
27,1,"ashklon","23:07","male","Summer_vacation","joining"
32,6,"ariel","17:33","male","Holidays","Disconnection"
24,3,"hedera","1:49","male","Holidays","complaint"
34,19,"ariel","4:54","female","Summer_vacation","joining"
39,1,"hedera","20:41","female","Normal_days","Service"
38,27,"telaviv","13:03","female","Normal_days","Disconnection"
35,4,"karmel","12:05","male","Holidays","Service"
47,5,"telaviv","13:37","female","Normal_days","complaint"
37,27,"hefa","20:32","male","Summer_vacation","Service"
27,8,"hefa","17:55","male","Normal_days","joining"
46,16,"hefa","11:26","male","Normal_days","Disconnection"
41,10,"ariel","5:44","female","Normal_days","complaint"
30,24,"ariel","0:53","male","Holidays","Disconnection"
34,1,"karmel","2:27","male","Holidays","Disconnection"
33,26,"karmel","20:41","female","Holidays","joining"
49,30,"ntanya","3:53","female","Holidays","Disconnection"
26,5,"ntanya","14:55","female","Summer_vacation","Service"
44,8,"ntanya","2:08","female","Normal_days","complaint"
47,6,"hedera","10:47","male","Normal_days","complaint"
38,20,"hefa","10:55","male","Normal_days","Disconnection"
38,16,"karmel","17:50","female","Normal_days","joining"
35,2,"karmel","13:49","male","Holidays","complaint"
25,30,"karmel","18:54","male","Holidays","complaint"
26,7,"ashklon","1:49","male","Summer_vacation","joining"
22,29,"ashklon","21:36","female","Holidays","joining"
42,23,"karmel","7:22","male","Summer_vacation","joining"
33,29,"hefa","9:46","male","Summer_vacation","Service"
26,17,"karmel","17:55","female","Holidays","Service"
24,6,"karmel","4:42","male","Holidays","Service"
22,12,"ntanya","1:12","male","Summer_vacation","joining"
35,4,"karmel","21:05","male","Holidays","joining"
28,1,"ashklon","22:28","female","Holidays","complaint"
33,19,"telaviv","6:20","male","Holidays","joining"
32,14,"ashklon","12:49","female","Summer_vacation","complaint"
20,10,"ariel","14:27","female","Normal_days","complaint"
49,19,"telaviv","17:40","female","Summer_vacation","joining"
20,10,"ntanya","4:45","female","Normal_days","complaint"
36,23,"ntanya","5:54","male","Normal_days","Disconnection"
39,27,"ashklon","12:16","female","Normal_days","complaint"
32,8,"ariel","5:08","male","Normal_days","complaint"
26,21,"hedera","18:09","female","Summer_vacation","Disconnection"
20,30,"hefa","11:15","female","Normal_days","Disconnection"
35,11,"karmel","14:03","male","Normal_days","joining"
38,12,"karmel","24:50","male","Holidays","complaint"
32,5,"hedera","23:18","female","Normal_days","Disconnection"
23,14,"hedera","3:03","female","Holidays","Service"
20,11,"ariel","7:06","male","Normal_days","Disconnection"
48,24,"hedera","5:01","male","Holidays","Service"
39,19,"telaviv","19:05","male","Holidays","Disconnection"
49,18,"hedera","20:02","male","Normal_days","Disconnection"
41,10,"karmel","5:58","male","Summer_vacation","Service"
26,2,"hedera","2:58","male","Holidays","Service"
26,24,"hedera","10:45","female","Normal_days","joining"
30,2,"ashklon","12:59","male","Summer_vacation","Service"
20,5,"telaviv","23:02","male","Normal_days","Disconnection"
39,5,"karmel","6:48","female","Summer_vacation","joining"
20,21,"hefa","14:14","female","Summer_vacation","complaint"
41,1,"ashklon","8:16","female","Normal_days","joining"
38,30,"telaviv","2:21","female","Holidays","Service"
40,26,"karmel","18:26","female","Normal_days","complaint"
32,1,"telaviv","7:42","female","Summer_vacation","Service"
20,20,"ntanya","7:57","male","Summer_vacation","complaint"
36,6,"ashklon","19:13","female","Normal_days","Service"
32,11,"telaviv","0:56","female","Summer_vacation","Disconnection"
35,22,"ntanya","17:51","male","Summer_vacation","Service"
41,29,"karmel","7:29","female","Normal_days","complaint"
40,27,"hedera","14:51","male","Summer_vacation","Service"
30,16,"ntanya","11:34","male","Normal_days","Disconnection"
33,14,"ntanya","22:12","female","Normal_days","Disconnection"
38,21,"karmel","10:18","female","Normal_days","joining"
35,21,"hedera","13:12","female","Holidays","Disconnection"
22,26,"ntanya","7:20","female","Holidays","complaint"
30,12,"hedera","20:02","male","Summer_vacation","Disconnection"
42,8,"telaviv","20:48","male","Summer_vacation","complaint"
27,29,"telaviv","4:57","female","Summer_vacation","joining"
24,18,"ashklon","1:30","female","Summer_vacation","complaint"
35,8,"karmel","21:09","male","Holidays","Disconnection"
22,10,"ariel","18:33","female","Holidays","complaint"
42,19,"karmel","7:43","female","Holidays","Disconnection"
45,19,"ariel","23:54","female","Holidays","complaint"
49,8,"karmel","15:55","female","Summer_vacation","complaint"
40,14,"ashklon","4:18","female","Summer_vacation","joining"
23,17,"karmel","9:43","male","Holidays","joining"
44,19,"ntanya","11:52","male","Holidays","joining"
38,3,"ariel","7:01","female","Summer_vacation","Service"
39,8,"ntanya","0:28","male","Normal_days","Disconnection"
42,28,"ariel","17:59","male","Summer_vacation","complaint"
35,25,"telaviv","24:39","male","Summer_vacation","Service"
25,24,"ariel","7:21","female","Summer_vacation","Service"
35,30,"telaviv","5:55","female","Normal_days","joining"
35,7,"hefa","17:41","male","Summer_vacation","Service"
21,23,"ashklon","23:16","female","Normal_days","joining"
32,14,"hedera","24:33","female","Summer_vacation","complaint"
44,3,"ntanya","22:06","male","Normal_days","joining"
26,11,"hefa","6:36","female","Holidays","Disconnection"
28,9,"telaviv","6:44","female","Normal_days","Disconnection"
20,4,"karmel","11:23","male","Summer_vacation","Disconnection"
29,4,"ashklon","21:34","male","Holidays","Disconnection"
25,16,"telaviv","4:36","female","Summer_vacation","Service"
45,14,"karmel","19:09","female","Holidays","Disconnection"
41,17,"ntanya","6:35","male","Holidays","Disconnection"
26,1,"hefa","10:01","female","Holidays","complaint"
41,19,"karmel","11:50","male","Normal_days","Service"
25,13,"telaviv","0:27","male","Summer_vacation","Disconnection"
35,23,"ashklon","19:34","female","Holidays","joining"
25,29,"hedera","12:51","female","Normal_days","complaint"
31,4,"karmel","6:23","female","Normal_days","complaint"
20,22,"hefa","8:33","male","Normal_days","complaint"
41,7,"hedera","1:48","female","Normal_days","joining"
43,10,"telaviv","18:36","female","Normal_days","joining"
29,24,"karmel","20:39","male","Normal_days","Service"
29,25,"telaviv","16:25","female","Summer_vacation","Service"
35,8,"telaviv","20:52","male","Normal_days","Disconnection"
36,30,"ntanya","17:52","male","Holidays","joining"
29,17,"ntanya","13:58","male","Holidays","Disconnection"
42,26,"karmel","18:48","female","Normal_days","joining"
44,6,"hefa","5:55","female","Normal_days","Disconnection"
46,7,"hefa","7:29","male","Summer_vacation","Disconnection"
42,2,"ariel","15:01","male","Holidays","joining"
23,6,"hefa","9:16","female","Holidays","complaint"
23,29,"telaviv","12:25","male","Holidays","complaint"
22,12,"hefa","19:43","male","Holidays","joining"
24,30,"ariel","4:26","male","Normal_days","joining"
46,27,"ashklon","6:44","female","Holidays","complaint"
29,23,"karmel","24:16","female","Normal_days","Service"
41,19,"karmel","3:36","female","Summer_vacation","Service"
21,8,"hefa","3:42","male","Normal_days","complaint"
28,17,"hedera","0:38","male","Summer_vacation","complaint"
35,29,"telaviv","13:25","male","Summer_vacation","Service"
31,9,"hefa","10:04","female","Holidays","complaint"
32,7,"ariel","24:22","female","Holidays","complaint"
25,29,"hefa","12:48","female","Summer_vacation","Service"
30,1,"karmel","13:36","male","Holidays","Disconnection"
46,24,"ntanya","23:12","female","Summer_vacation","Service"
44,17,"ashklon","9:30","male","Holidays","complaint"
43,9,"ariel","21:38","female","Holidays","Service"
27,4,"ntanya","7:48","male","Summer_vacation","joining"
41,3,"hedera","18:09","female","Summer_vacation","Disconnection"
39,5,"karmel","13:20","male","Normal_days","complaint"
48,29,"hefa","4:18","male","Holidays","joining"
25,30,"hedera","10:57","female","Summer_vacation","Disconnection"
21,9,"telaviv","21:09","female","Holidays","Service"
21,26,"hedera","3:03","male","Holidays","complaint"
48,15,"karmel","15:58","female","Summer_vacation","complaint"
42,30,"telaviv","5:01","female","Summer_vacation","Disconnection"
43,8,"karmel","17:56","male","Holidays","Disconnection"
36,21,"ntanya","16:59","female","Holidays","Service"
23,1,"ashklon","16:35","female","Normal_days","complaint"
33,4,"karmel","16:27","female","Normal_days","complaint"
40,29,"hefa","18:01","female","Holidays","joining"
40,25,"ariel","1:02","female","Holidays","joining"
37,26,"karmel","9:51","female","Holidays","complaint"
43,20,"ntanya","14:17","male","Summer_vacation","joining"
45,10,"telaviv","17:12","female","Normal_days","Service"
25,24,"ntanya","14:42","female","Summer_vacation","complaint"
25,24,"ashklon","12:29","male","Normal_days","Disconnection"
48,1,"telaviv","13:08","female","Summer_vacation","complaint"
35,18,"ntanya","8:48","female","Summer_vacation","Service"
30,20,"hedera","0:30","female","Holidays","joining"
42,10,"hedera","6:45","female","Summer_vacation","complaint"
30,29,"ntanya","15:04","male","Normal_days","Disconnection"
22,18,"hedera","9:35","male","Holidays","Service"
31,23,"karmel","14:36","male","Normal_days","Service"
30,28,"ntanya","6:52","female","Summer_vacation","Disconnection"
25,14,"ashklon","14:46","male","Holidays","Disconnection"
26,24,"ntanya","19:03","female","Summer_vacation","Service"
39,17,"telaviv","13:52","male","Normal_days","complaint"
34,15,"ntanya","0:01","female","Normal_days","complaint"
46,12,"hefa","22:38","male","Normal_days","Service"
46,17,"ashklon","18:59","male","Summer_vacation","joining"
39,16,"ashklon","9:52","male","Summer_vacation","Service"
49,5,"ashklon","21:09","female","Holidays","complaint"
35,23,"hedera","9:06","female","Holidays","Service"
30,6,"telaviv","20:08","female","Summer_vacation","Service"
44,11,"hedera","12:46","female","Normal_days","Disconnection"
31,21,"ntanya","12:06","male","Normal_days","Disconnection"
30,24,"karmel","3:09","female","Normal_days","complaint"
31,1,"hedera","12:22","female","Holidays","Service"
23,21,"karmel","8:10","female","Normal_days","joining"
25,17,"ntanya","15:11","female","Summer_vacation","Service"
41,16,"ntanya","16:43","male","Holidays","joining"
27,6,"ntanya","22:45","male","Holidays","joining"
41,26,"hefa","10:28","male","Holidays","Disconnection"
22,22,"hefa","24:51","female","Holidays","Disconnection"
35,26,"telaviv","23:09","female","Holidays","joining"
48,16,"hefa","6:35","female","Summer_vacation","Disconnection"
34,21,"ashklon","20:22","female","Holidays","complaint"
26,14,"telaviv","6:24","female","Normal_days","Disconnection"
24,27,"ashklon","18:54","female","Normal_days","joining"
22,10,"hefa","13:31","female","Holidays","complaint"
22,30,"ashklon","2:58","male","Summer_vacation","complaint"
30,18,"hedera","21:18","female","Holidays","Service"
47,14,"karmel","22:30","female","Holidays","Service"
42,29,"hedera","18:01","female","Normal_days","Service"
42,18,"hefa","22:55","female","Normal_days","Disconnection"
42,17,"karmel","19:03","male","Normal_days","complaint"
37,30,"karmel","2:36","male","Holidays","joining"
31,4,"ashklon","0:09","female","Normal_days","Service"
33,24,"hedera","14:12","male","Summer_vacation","Service"
48,6,"hedera","19:54","male","Summer_vacation","Service"
42,29,"ashklon","2:06","female","Holidays","Service"
35,10,"karmel","10:41","male","Holidays","Service"
38,16,"ashklon","21:10","male","Summer_vacation","Service"
31,3,"karmel","8:28","female","Summer_vacation","Service"
43,3,"ntanya","23:06","female","Summer_vacation","Disconnection"
31,18,"hefa","23:28","female","Normal_days","joining"
47,21,"telaviv","11:58","male","Summer_vacation","Service"
28,16,"hefa","6:56","female","Summer_vacation","joining"
35,1,"ntanya","18:36","male","Holidays","joining"
38,4,"ntanya","2:19","female","Holidays","joining"
38,18,"hefa","13:53","male","Normal_days","Disconnection"
46,14,"ntanya","3:26","male","Holidays","joining"
29,20,"telaviv","23:55","male","Holidays","joining"
48,21,"ashklon","16:02","female","Holidays","complaint"
24,30,"karmel","11:33","female","Holidays","Disconnection"
40,7,"hefa","21:53","female","Normal_days","Service"
47,17,"ashklon","5:47","male","Normal_days","Disconnection"
43,17,"ntanya","23:14","male","Holidays","Disconnection"
49,24,"hefa","21:42","female","Normal_days","joining"
46,27,"ashklon","8:55","male","Summer_vacation","Disconnection"
29,24,"hefa","19:07","male","Normal_days","Disconnection"
46,23,"ashklon","1:03","female","Summer_vacation","Service"
21,7,"ashklon","9:41","female","Holidays","joining"
21,4,"telaviv","13:01","male","Summer_vacation","complaint"
33,13,"hedera","6:13","male","Normal_days","Service"
28,14,"hefa","13:27","female","Holidays","Service"
37,23,"karmel","0:59","female","Holidays","Disconnection"
37,27,"hedera","1:01","male","Summer_vacation","joining"
40,23,"ariel","13:35","female","Summer_vacation","Service"
38,14,"ashklon","10:23","female","Normal_days","complaint"
33,30,"telaviv","17:34","female","Holidays","complaint"
40,17,"karmel","11:27","male","Holidays","complaint"
48,2,"ariel","18:45","male","Holidays","complaint"
25,5,"telaviv","1:52","female","Holidays","complaint"
29,12,"ntanya","2:01","female","Holidays","Disconnection"
36,13,"ntanya","9:26","female","Summer_vacation","complaint"
41,23,"hedera","14:59","male","Normal_days","Disconnection"
32,18,"ariel","8:27","male","Summer_vacation","complaint"
22,7,"telaviv","4:34","female","Holidays","complaint"
30,28,"karmel","6:46","male","Normal_days","Service"
32,10,"ariel","9:54","female","Holidays","Disconnection"
40,18,"telaviv","13:42","male","Normal_days","Disconnection"
25,14,"ntanya","12:47","female","Normal_days","joining"
22,10,"hefa","10:35","male","Holidays","joining"
20,26,"telaviv","2:39","male","Summer_vacation","Service"
26,19,"ashklon","19:05","male","Normal_days","joining"
48,4,"karmel","14:48","female","Summer_vacation","joining"
33,14,"karmel","3:37","female","Normal_days","joining"
47,27,"telaviv","13:27","male","Summer_vacation","Disconnection"
21,26,"telaviv","19:49","female","Summer_vacation","Service"
48,17,"hedera","9:32","female","Holidays","complaint"
41,2,"ntanya","23:49","male","Summer_vacation","Service"
49,29,"ariel","18:50","female","Normal_days","complaint"
47,29,"ariel","9:24","male","Summer_vacation","Service"
35,29,"telaviv","18:45","female","Summer_vacation","Disconnection"
24,18,"hedera","17:58","female","Summer_vacation","Service"
42,2,"ariel","21:54","female","Holidays","complaint"
25,18,"karmel","2:40","female","Normal_days","Service"
30,7,"ariel","19:57","male","Holidays","Service"
47,14,"ashklon","0:35","male","Holidays","Disconnection"
31,27,"ariel","19:38","male","Summer_vacation","complaint"
36,7,"ariel","18:21","male","Summer_vacation","joining"
24,14,"karmel","20:13","male","Normal_days","Service"
36,11,"telaviv","24:06","male","Normal_days","complaint"
33,19,"ashklon","16:48","female","Summer_vacation","Disconnection"
37,19,"telaviv","16:06","male","Summer_vacation","Disconnection"
29,30,"ariel","7:20","male","Normal_days","Disconnection"
45,21,"karmel","21:40","male","Summer_vacation","joining"
39,12,"hefa","6:01","female","Holidays","Service"
37,29,"karmel","1:27","female","Normal_days","joining"
47,26,"ariel","22:33","male","Summer_vacation","Disconnection"
22,10,"telaviv","0:53","male","Summer_vacation","joining"
23,26,"ashklon","21:11","male","Holidays","Disconnection"
33,22,"ntanya","1:50","male","Summer_vacation","joining"
30,20,"ashklon","8:41","female","Summer_vacation","complaint"
23,22,"hefa","14:11","female","Normal_days","Disconnection"
38,18,"ariel","16:55","female","Normal_days","Service"
35,26,"telaviv","14:52","female","Summer_vacation","joining"
44,2,"karmel","13:42","male","Normal_days","joining"
27,10,"karmel","9:44","male","Holidays","Disconnection"
30,20,"karmel","12:44","female","Normal_days","Disconnection"
42,20,"hefa","19:07","male","Normal_days","Disconnection"
32,12,"ntanya","18:37","female","Normal_days","complaint"
29,14,"hedera","11:16","female","Holidays","Service"
20,30,"ntanya","22:18","female","Holidays","complaint"
33,2,"hefa","5:29","female","Holidays","Service"
20,10,"ntanya","3:05","female","Summer_vacation","Service"
33,29,"hefa","22:07","female","Normal_days","Disconnection"
48,17,"hedera","14:19","male","Summer_vacation","Service"
38,4,"ashklon","7:27","female","Holidays","joining"
32,19,"hefa","11:36","male","Holidays","joining"
39,19,"telaviv","10:17","female","Normal_days","joining"
38,27,"ntanya","19:15","male","Normal_days","Disconnection"
47,26,"ntanya","17:20","male","Summer_vacation","Disconnection"
20,22,"ntanya","20:47","male","Holidays","Service"
21,22,"ashklon","22:56","male","Holidays","joining"
23,18,"ntanya","8:09","male","Summer_vacation","complaint"
43,5,"ntanya","10:14","female","Summer_vacation","complaint"
30,18,"hedera","0:38","male","Normal_days","Disconnection"
45,9,"ashklon","16:52","male","Summer_vacation","Service"
42,18,"ariel","24:59","female","Normal_days","Service"
48,22,"hedera","14:54","female","Summer_vacation","Service"
23,28,"hefa","5:38","female","Summer_vacation","Disconnection"
40,6,"ariel","15:09","female","Summer_vacation","Service"
41,24,"ashklon","12:59","male","Normal_days","Service"
35,4,"karmel","2:20","male","Holidays","joining"
47,12,"telaviv","15:36","female","Normal_days","joining"
27,7,"ntanya","10:35","female","Holidays","Disconnection"
40,28,"hefa","13:24","male","Normal_days","Disconnection"
25,20,"karmel","2:55","male","Summer_vacation","complaint"
20,26,"hedera","3:21","male","Normal_days","joining"
24,21,"ashklon","22:07","female","Holidays","Disconnection"
42,19,"ariel","6:08","male","Normal_days","Service"
46,9,"telaviv","18:41","female","Normal_days","joining"
40,15,"ashklon","19:25","female","Holidays","Service"
34,7,"ashklon","24:57","female","Summer_vacation","Disconnection"
29,19,"ashklon","17:23","female","Summer_vacation","joining"
20,2,"karmel","23:07","male","Summer_vacation","joining"
43,25,"ntanya","1:10","female","Holidays","Disconnection"
48,24,"ariel","0:41","male","Normal_days","Disconnection"
47,22,"telaviv","6:57","male","Normal_days","Service"
42,28,"ashklon","24:12","female","Holidays","complaint"
33,17,"ariel","10:05","male","Normal_days","joining"
39,23,"hefa","6:19","female","Holidays","complaint"
30,10,"ntanya","21:51","female","Summer_vacation","joining"
26,20,"ntanya","1:22","male","Summer_vacation","complaint"
49,17,"karmel","22:52","male","Holidays","Service"
27,28,"ariel","13:30","male","Normal_days","complaint"
44,7,"hefa","19:17","male","Normal_days","Service"
24,28,"karmel","5:48","male","Normal_days","Service"
32,21,"karmel","6:08","female","Summer_vacation","complaint"
46,9,"hedera","1:17","female","Normal_days","Service"
46,21,"ntanya","24:25","female","Normal_days","complaint"
35,1,"ntanya","22:27","male","Normal_days","complaint"
48,15,"ashklon","7:00","male","Normal_days","joining"
46,12,"karmel","11:57","male","Holidays","joining"
46,30,"ashklon","22:34","female","Normal_days","complaint"
45,21,"telaviv","17:51","male","Normal_days","Disconnection"
31,18,"hefa","19:22","female","Holidays","Service"
30,12,"karmel","7:06","female","Summer_vacation","joining"
42,25,"telaviv","12:40","female","Normal_days","joining"
39,11,"ashklon","0:34","female","Holidays","complaint"
29,24,"ariel","9:20","male","Holidays","Disconnection"
40,15,"ntanya","15:55","male","Holidays","Service"
27,16,"ariel","17:29","male","Normal_days","joining"
29,27,"karmel","18:56","male","Holidays","Service"
42,9,"ntanya","0:52","female","Summer_vacation","Service"
39,16,"ashklon","4:01","female","Normal_days","joining"
37,28,"hefa","19:50","male","Summer_vacation","Disconnection"
42,3,"hefa","21:14","male","Holidays","Disconnection"
42,24,"hedera","1:27","female","Holidays","Service"
35,9,"hedera","14:34","male","Normal_days","complaint"
37,1,"telaviv","17:08","male","Summer_vacation","Service"
37,15,"ntanya","23:21","male","Holidays","Disconnection"
48,3,"ariel","3:14","female","Summer_vacation","joining"
25,29,"ariel","2:20","female","Summer_vacation","Service"
37,16,"hefa","0:00","male","Holidays","Service"
21,20,"telaviv","13:22","male","Normal_days","Disconnection"
39,21,"karmel","17:42","male","Normal_days","joining"
48,5,"karmel","16:15","female","Normal_days","Disconnection"
44,26,"ashklon","18:41","male","Holidays","Service"
39,30,"ntanya","3:57","female","Normal_days","joining"
40,17,"hedera","7:14","female","Summer_vacation","complaint"
24,11,"ntanya","24:56","male","Holidays","complaint"
44,10,"ashklon","24:13","female","Holidays","complaint"
34,26,"hefa","10:04","male","Holidays","complaint"
32,17,"hedera","10:18","female","Holidays","Service"
28,9,"hedera","0:51","male","Holidays","complaint"
41,1,"hedera","1:31","male","Normal_days","complaint"
49,29,"hedera","12:41","male","Summer_vacation","joining"
27,20,"karmel","2:00","female","Summer_vacation","joining"
40,29,"hedera","12:09","female","Normal_days","Service"
20,17,"telaviv","18:55","male","Holidays","Service"
31,29,"ashklon","10:41","male","Summer_vacation","Disconnection"
42,27,"ntanya","6:57","female","Holidays","Disconnection"
37,29,"telaviv","2:08","male","Summer_vacation","Service"
27,10,"telaviv","15:34","female","Normal_days","Disconnection"
38,24,"ashklon","16:42","male","Normal_days","Disconnection"
21,1,"ntanya","20:32","male","Normal_days","complaint"
42,5,"ariel","18:42","female","Holidays","joining"
23,26,"karmel","3:13","female","Summer_vacation","Service"
47,22,"ariel","0:07","male","Summer_vacation","Service"
21,19,"ntanya","19:15","female","Normal_days","Service"
36,15,"hefa","13:01","male","Summer_vacation","Disconnection"
29,14,"ntanya","5:17","male","Holidays","Service"
43,9,"ariel","11:37","female","Summer_vacation","complaint"
45,22,"ashklon","14:11","male","Summer_vacation","Disconnection"
45,11,"hefa","2:03","male","Holidays","Disconnection"
40,23,"hedera","5:26","female","Holidays","complaint"
42,1,"hedera","10:08","female","Holidays","Service"
31,18,"karmel","1:23","male","Holidays","Disconnection"
27,4,"ashklon","10:08","female","Normal_days","joining"
26,21,"ashklon","20:55","male","Holidays","Service"
34,13,"ariel","2:59","male","Summer_vacation","Service"
39,19,"hedera","6:31","female","Summer_vacation","complaint"
26,5,"ntanya","0:08","female","Normal_days","joining"
27,16,"ariel","8:42","female","Summer_vacation","joining"
36,14,"ariel","12:17","male","Normal_days","Service"
36,5,"hedera","5:37","male","Summer_vacation","Disconnection"
29,29,"ariel","7:00","male","Holidays","complaint"
42,10,"ariel","18:22","female","Normal_days","complaint"
26,4,"ntanya","16:04","male","Normal_days","joining"
33,19,"ariel","10:29","female","Holidays","Service"
45,27,"karmel","7:55","female","Summer_vacation","joining"
36,27,"hedera","3:41","female","Holidays","Disconnection"
25,7,"hefa","15:46","male","Summer_vacation","joining"
45,30,"ashklon","17:17","male","Holidays","complaint"
22,20,"karmel","17:13","male","Normal_days","Service"
33,7,"hedera","4:27","female","Holidays","joining"
34,19,"telaviv","23:10","female","Holidays","Disconnection"
24,6,"ashklon","17:40","male","Normal_days","Service"
43,29,"telaviv","21:19","male","Normal_days","Service"
40,2,"ashklon","9:13","female","Holidays","Disconnection"
28,19,"karmel","0:15","female","Summer_vacation","complaint"
26,28,"hedera","11:08","female","Normal_days","joining"
25,26,"ashklon","21:24","female","Summer_vacation","Service"
40,21,"karmel","1:43","male","Normal_days","Service"
34,16,"ariel","15:32","female","Summer_vacation","Disconnection"
32,13,"ashklon","4:31","male","Normal_days","Disconnection"
34,24,"ashklon","13:15","female","Holidays","Service"
38,25,"ntanya","18:03","male","Normal_days","Disconnection"
33,3,"hedera","7:11","male","Holidays","complaint"
41,27,"ntanya","14:19","male","Holidays","Service"
34,7,"hedera","23:18","male","Normal_days","Service"
30,22,"karmel","5:46","male","Normal_days","Disconnection"
28,24,"hefa","22:27","female","Summer_vacation","joining"
20,12,"ashklon","3:09","male","Normal_days","complaint"
20,22,"hedera","9:15","male","Summer_vacation","complaint"
33,6,"ariel","4:52","male","Holidays","joining"
49,3,"ntanya","12:25","female","Holidays","complaint"
42,22,"telaviv","13:58","female","Summer_vacation","complaint"
43,26,"ashklon","15:35","female","Normal_days","joining"
31,26,"karmel","0:08","female","Holidays","joining"
31,1,"ntanya","13:42","male","Summer_vacation","complaint"
26,17,"hedera","7:47","female","Summer_vacation","complaint"
31,25,"telaviv","19:24","female","Summer_vacation","Service"
23,26,"hedera","4:53","female","Summer_vacation","complaint"
34,19,"ashklon","22:08","female","Summer_vacation","Service"
26,21,"telaviv","16:28","female","Summer_vacation","Disconnection"
29,9,"karmel","12:29","female","Summer_vacation","Service"
35,18,"hefa","17:42","male","Summer_vacation","joining"
33,19,"ntanya","5:43","male","Summer_vacation","joining"
49,26,"ashklon","11:17","male","Normal_days","Service"
46,4,"telaviv","18:47","female","Holidays","Service"
22,10,"hefa","17:18","female","Summer_vacation","joining"
47,11,"telaviv","4:27","female","Normal_days","Service"
35,27,"hefa","10:28","female","Normal_days","complaint"
46,10,"telaviv","21:46","female","Normal_days","complaint"
29,29,"telaviv","23:17","female","Summer_vacation","Disconnection"
31,27,"hedera","20:34","male","Holidays","joining"
43,11,"karmel","9:38","female","Summer_vacation","complaint"
41,1,"hedera","23:58","male","Holidays","joining"
29,25,"ntanya","11:37","male","Normal_days","Disconnection"
45,4,"ntanya","4:52","male","Holidays","complaint"
33,29,"hefa","15:07","female","Holidays","joining"
37,9,"ntanya","24:58","female","Normal_days","Disconnection"
38,29,"ntanya","19:25","female","Holidays","complaint"
23,20,"telaviv","4:33","male","Holidays","joining"
37,20,"ariel","12:53","female","Normal_days","Service"
32,10,"ntanya","22:51","male","Normal_days","Service"
20,15,"hedera","6:28","male","Summer_vacation","Service"
25,5,"hedera","13:41","female","Summer_vacation","Service"
29,25,"ntanya","6:44","female","Holidays","complaint"
39,6,"ashklon","20:07","male","Holidays","complaint"
44,4,"ariel","18:30","female","Normal_days","Service"
35,22,"ariel","19:35","female","Holidays","Service"
48,29,"hefa","9:30","female","Summer_vacation","complaint"
43,9,"hedera","12:32","male","Normal_days","joining"
41,2,"ashklon","12:45","female","Normal_days","Service"
48,27,"ntanya","17:29","male","Summer_vacation","Service"
48,15,"hedera","19:07","female","Summer_vacation","Service"
24,17,"ariel","12:41","male","Summer_vacation","Service"
47,16,"ariel","1:45","male","Summer_vacation","Disconnection"
21,25,"ashklon","17:10","male","Summer_vacation","Disconnection"
31,21,"karmel","11:44","male","Normal_days","joining"
23,4,"ariel","6:07","male","Holidays","complaint"
35,9,"ntanya","14:14","female","Normal_days","joining"
43,7,"ntanya","5:14","male","Summer_vacation","Service"
27,9,"hedera","22:30","male","Holidays","Disconnection"
22,24,"karmel","4:21","female","Holidays","Service"
31,28,"telaviv","21:51","male","Summer_vacation","Service"
29,21,"ariel","18:04","female","Normal_days","complaint"
41,2,"telaviv","16:37","female","Summer_vacation","joining"
32,18,"ntanya","5:23","male","Normal_days","Disconnection"
35,17,"karmel","21:27","female","Holidays","Disconnection"
44,12,"ntanya","5:35","male","Normal_days","Service"
34,30,"hedera","16:36","female","Summer_vacation","joining"
34,9,"ashklon","9:59","male","Summer_vacation","Service"
23,7,"ntanya","8:55","female","Holidays","complaint"
31,12,"telaviv","17:39","female","Normal_days","Service"
41,6,"telaviv","15:06","female","Summer_vacation","joining"
33,16,"karmel","17:39","female","Normal_days","joining"
29,23,"ariel","4:26","male","Holidays","joining"
22,7,"hedera","23:33","male","Holidays","complaint"
30,9,"ariel","13:14","male","Holidays","Service"
40,12,"ariel","1:47","male","Normal_days","Service"
44,14,"ntanya","21:27","male","Summer_vacation","complaint"
20,7,"ashklon","24:14","female","Normal_days","complaint"
20,25,"hefa","15:53","male","Summer_vacation","joining"
23,27,"ashklon","0:48","female","Holidays","Service"
41,19,"ariel","16:54","female","Summer_vacation","complaint"
25,21,"telaviv","19:28","female","Normal_days","Disconnection"
26,4,"ashklon","19:02","female","Summer_vacation","Service"
24,12,"ntanya","7:08","female","Normal_days","Service"
37,29,"karmel","10:00","male","Normal_days","complaint"
41,30,"ashklon","9:42","male","Summer_vacation","joining"
43,26,"hefa","8:39","male","Summer_vacation","Disconnection"
49,14,"hedera","18:09","male","Holidays","joining"
39,9,"hefa","7:55","male","Holidays","joining"
47,18,"telaviv","14:14","male","Normal_days","Service"
36,8,"ariel","13:33","female","Normal_days","complaint"
33,9,"telaviv","20:37","female","Normal_days","complaint"
34,21,"hefa","2:51","female","Normal_days","Service"
46,12,"ariel","24:24","male","Normal_days","joining"
35,14,"ariel","4:55","female","Summer_vacation","Service"
23,13,"ntanya","22:48","male","Summer_vacation","joining"
34,14,"ntanya","14:55","male","Normal_days","joining"
34,6,"telaviv","14:31","female","Summer_vacation","Disconnection"
43,24,"hefa","2:40","female","Normal_days","Service"
46,3,"hedera","4:34","male","Normal_days","complaint"
37,6,"telaviv","11:43","female","Summer_vacation","joining"
23,22,"hedera","1:21","female","Holidays","Service"
47,22,"ntanya","17:54","male","Summer_vacation","complaint"
28,10,"karmel","7:04","female","Summer_vacation","Disconnection"
31,5,"ariel","15:31","female","Holidays","Disconnection"
32,26,"ashklon","20:34","male","Summer_vacation","joining"
33,12,"telaviv","11:43","female","Summer_vacation","complaint"
40,28,"ashklon","19:44","male","Normal_days","Service"
44,17,"hefa","10:27","male","Holidays","joining"
29,24,"telaviv","5:20","male","Normal_days","joining"
37,25,"hedera","6:14","male","Summer_vacation","Service"
35,27,"telaviv","0:07","female","Normal_days","Disconnection"
22,7,"ntanya","20:43","male","Normal_days","Service"
42,30,"hefa","9:25","male","Summer_vacation","Disconnection"
45,6,"ariel","1:10","female","Summer_vacation","Service"
46,19,"ntanya","9:18","female","Normal_days","Disconnection"
26,14,"karmel","4:46","female","Holidays","Disconnection"
43,10,"karmel","8:28","male","Holidays","Service"
48,22,"ntanya","15:12","female","Holidays","Disconnection"
26,12,"ntanya","24:13","male","Summer_vacation","Disconnection"
38,11,"ntanya","10:52","male","Summer_vacation","joining"
48,11,"karmel","13:12","female","Normal_days","Service"
28,25,"ashklon","22:18","female","Holidays","joining"
34,17,"ariel","22:12","male","Summer_vacation","Disconnection"
49,9,"karmel","20:30","male","Summer_vacation","Service"
28,6,"karmel","13:36","female","Holidays","Disconnection"
48,17,"telaviv","24:53","male","Summer_vacation","joining"
31,13,"ashklon","8:15","male","Normal_days","Service"
33,24,"hefa","7:48","female","Normal_days","complaint"
25,17,"ariel","8:42","male","Summer_vacation","Service"
36,8,"hefa","11:27","female","Summer_vacation","Disconnection"
34,28,"ariel","20:18","male","Holidays","complaint"
24,11,"hedera","0:28","male","Holidays","Disconnection"
33,14,"karmel","14:37","female","Holidays","Service"
27,22,"hedera","0:49","female","Holidays","Disconnection"
48,5,"hedera","16:17","male","Holidays","Disconnection"
36,8,"telaviv","12:19","female","Summer_vacation","complaint"
31,23,"ashklon","6:08","male","Normal_days","Service"
33,4,"hefa","16:09","female","Summer_vacation","complaint"
48,8,"ntanya","2:54","female","Summer_vacation","complaint"
29,29,"karmel","24:07","male","Summer_vacation","Disconnection"
42,13,"karmel","12:44","female","Normal_days","complaint"
36,29,"karmel","7:09","male","Normal_days","joining"
40,8,"ashklon","11:56","male","Normal_days","Service"
42,20,"ntanya","6:52","female","Summer_vacation","Disconnection"
22,17,"telaviv","1:45","male","Normal_days","Disconnection"
38,9,"ariel","10:59","female","Normal_days","complaint"
35,25,"telaviv","6:23","male","Normal_days","Service"
35,21,"karmel","23:48","male","Normal_days","complaint"
44,8,"ntanya","7:21","female","Summer_vacation","complaint"
27,3,"hedera","1:02","male","Holidays","Disconnection"
41,30,"hedera","15:10","female","Summer_vacation","joining"
31,9,"ashklon","5:14","male","Normal_days","complaint"
36,21,"ariel","18:09","female","Summer_vacation","joining"
35,15,"hefa","3:09","female","Normal_days","complaint"
25,4,"hedera","11:39","male","Summer_vacation","Service"
39,18,"ntanya","7:01","male","Summer_vacation","complaint"
26,2,"ariel","8:56","male","Normal_days","Disconnection"
42,28,"hedera","18:35","female","Holidays","complaint"
38,22,"hedera","17:23","female","Summer_vacation","Disconnection"
43,12,"hedera","24:34","female","Summer_vacation","Service"
30,26,"hedera","24:13","male","Summer_vacation","Service"
20,17,"telaviv","24:15","female","Normal_days","Disconnection"
44,3,"hefa","19:42","female","Holidays","complaint"
43,17,"hefa","4:54","female","Normal_days","Disconnection"
34,15,"ariel","0:44","female","Holidays","complaint"
23,3,"ntanya","13:44","male","Normal_days","complaint"
26,27,"hefa","19:49","male","Normal_days","Disconnection"
32,9,"hefa","14:45","male","Summer_vacation","Disconnection"
33,7,"ariel","0:45","female","Summer_vacation","complaint"
20,18,"hedera","12:33","male","Holidays","joining"
30,6,"hedera","11:21","male","Holidays","joining"
30,28,"hefa","24:08","female","Normal_days","Disconnection"
24,27,"ariel","2:12","male","Summer_vacation","Disconnection"
49,9,"ariel","18:16","male","Normal_days","complaint"
47,20,"hefa","24:09","male","Normal_days","Disconnection"
27,8,"hedera","23:56","female","Normal_days","joining"
27,25,"ariel","16:04","male","Summer_vacation","Service"
31,3,"ashklon","2:58","female","Summer_vacation","complaint"
43,6,"ariel","19:47","female","Normal_days","complaint"
34,19,"telaviv","3:57","female","Normal_days","Service"
33,30,"ariel","15:07","male","Normal_days","Disconnection"
38,17,"hedera","23:20","male","Holidays","complaint"
23,17,"karmel","10:27","female","Normal_days","joining"
26,13,"hefa","2:47","female","Normal_days","complaint"
35,2,"ariel","9:19","male","Holidays","joining"
42,28,"karmel","19:34","male","Summer_vacation","joining"
34,27,"telaviv","10:49","female","Holidays","Disconnection"
35,12,"ariel","16:47","male","Holidays","Service"
25,14,"telaviv","7:00","female","Normal_days","Service"
45,21,"ariel","16:31","male","Summer_vacation","Service"
38,26,"karmel","14:36","female","Holidays","joining"
29,13,"ariel","17:27","female","Normal_days","Service"
40,14,"ashklon","7:01","male","Summer_vacation","complaint"
41,21,"hefa","21:08","female","Summer_vacation","Service"
21,7,"karmel","2:25","male","Summer_vacation","complaint"
48,7,"ntanya","12:42","male","Normal_days","Service"
47,27,"ntanya","3:55","female","Holidays","joining"
36,27,"karmel","7:12","male","Summer_vacation","Disconnection"
30,14,"hedera","24:05","female","Summer_vacation","joining"
39,2,"ashklon","20:20","female","Holidays","Service"
33,12,"karmel","19:02","male","Normal_days","complaint"
47,7,"ashklon","6:37","female","Summer_vacation","Service"
32,6,"karmel","4:24","female","Summer_vacation","Disconnection"
47,23,"telaviv","12:39","male","Holidays","joining"
22,11,"ntanya","0:16","male","Summer_vacation","joining"
30,6,"telaviv","10:20","female","Normal_days","joining"
45,21,"ariel","19:18","male","Holidays","joining"
29,14,"ariel","21:56","female","Normal_days","joining"
29,29,"ntanya","2:00","female","Holidays","complaint"
36,17,"karmel","0:48","female","Normal_days","Service"
31,29,"hefa","4:26","male","Summer_vacation","Service"
39,25,"telaviv","20:35","female","Holidays","Disconnection"
30,19,"ashklon","13:00","male","Normal_days","Service"
25,25,"karmel","9:33","male","Holidays","complaint"
27,11,"hefa","5:03","male","Normal_days","complaint"
21,3,"ariel","0:30","male","Normal_days","Disconnection"
28,2,"ariel","6:01","male","Summer_vacation","joining"
21,4,"ntanya","11:58","female","Summer_vacation","Service"
45,12,"hedera","2:12","female","Holidays","joining"
35,16,"ashklon","10:46","male","Holidays","complaint"
40,30,"hefa","6:12","male","Holidays","complaint"
27,5,"ashklon","9:10","female","Summer_vacation","complaint"
30,30,"hefa","13:53","male","Holidays","complaint"
47,14,"hefa","4:46","female","Normal_days","Disconnection"
46,10,"ashklon","2:54","female","Holidays","Disconnection"
29,10,"karmel","7:27","female","Summer_vacation","complaint"
46,23,"ntanya","21:22","male","Holidays","complaint"
48,14,"hedera","2:58","female","Summer_vacation","Service"
25,17,"hedera","6:33","female","Summer_vacation","complaint"
37,22,"hefa","8:44","male","Holidays","complaint"
41,8,"ariel","20:48","female","Normal_days","Service"
34,7,"ariel","23:05","female","Holidays","complaint"
49,4,"ntanya","3:16","female","Holidays","Service"
29,20,"ntanya","4:17","female","Summer_vacation","joining"
39,28,"karmel","16:31","male","Holidays","Service"
24,27,"telaviv","13:19","female","Summer_vacation","Disconnection"
44,30,"karmel","16:41","female","Normal_days","joining"
34,8,"ntanya","17:46","female","Normal_days","Service"
30,18,"karmel","17:13","female","Normal_days","joining"
20,1,"hedera","6:14","male","Holidays","Disconnection"
33,29,"telaviv","11:31","male","Normal_days","Service"
46,15,"karmel","4:36","male","Holidays","Service"
47,29,"ntanya","4:00","female","Summer_vacation","Disconnection"
28,20,"ntanya","21:45","male","Holidays","joining"
30,9,"ntanya","16:39","male","Summer_vacation","Service"
48,3,"hefa","21:11","male","Holidays","joining"
43,28,"ashklon","3:44","female","Summer_vacation","Service"
22,28,"hefa","22:16","female","Holidays","joining"
24,21,"ashklon","0:50","female","Holidays","joining"
24,19,"telaviv","23:53","male","Summer_vacation","joining"
28,9,"ntanya","16:57","male","Holidays","joining"
29,29,"ntanya","20:43","female","Holidays","joining"
25,10,"ntanya","4:13","female","Holidays","joining"
43,23,"hedera","20:20","female","Normal_days","joining"
48,19,"hefa","5:27","male","Normal_days","Disconnection"
47,16,"hefa","5:04","female","Holidays","Service"
28,1,"hedera","18:42","female","Holidays","Service"
31,24,"karmel","20:26","male","Normal_days","Disconnection"
34,23,"hefa","9:59","male","Holidays","Service"
27,3,"hefa","7:22","male","Summer_vacation","joining"
35,22,"ariel","8:57","female","Normal_days","complaint"
45,6,"hedera","7:09","female","Summer_vacation","Disconnection"
42,24,"hefa","24:30","male","Normal_days","Disconnection"
21,30,"karmel","3:43","male","Holidays","complaint"
38,3,"karmel","18:32","male","Summer_vacation","Service"
31,21,"ashklon","24:09","male","Summer_vacation","Disconnection"
22,17,"ariel","9:55","female","Normal_days","complaint"
37,2,"telaviv","0:09","male","Holidays","joining"
28,10,"ntanya","2:09","male","Holidays","complaint"
31,13,"karmel","1:09","male","Normal_days","joining"
35,24,"ariel","2:22","female","Normal_days","complaint"
36,21,"karmel","19:11","female","Holidays","joining"
39,6,"hedera","12:46","female","Normal_days","complaint"
47,6,"hedera","22:13","female","Normal_days","Service"
38,4,"hedera","8:49","female","Holidays","joining"
36,3,"karmel","13:30","female","Summer_vacation","Disconnection"
39,16,"ariel","22:47","male","Holidays","complaint"
38,29,"hedera","6:37","male","Holidays","Service"
23,21,"telaviv","23:45","male","Holidays","complaint"
31,19,"hedera","8:00","male","Normal_days","Disconnection"
25,18,"telaviv","10:20","female","Holidays","Service"
43,18,"karmel","11:20","male","Normal_days","joining"
36,4,"hedera","8:51","male","Holidays","complaint"
20,25,"ntanya","15:11","male","Normal_days","Service"
36,24,"ashklon","22:16","female","Summer_vacation","joining"
21,5,"hefa","22:10","female","Normal_days","Disconnection"
38,12,"ariel","2:36","male","Holidays","Disconnection"
47,5,"ntanya","9:37","female","Normal_days","Disconnection"
41,3,"ariel","10:56","female","Holidays","Disconnection"
34,9,"hedera","12:17","male","Summer_vacation","Service"
30,13,"telaviv","20:31","male","Summer_vacation","complaint"
33,22,"hedera","23:37","male","Normal_days","Disconnection"
47,18,"hefa","12:33","female","Normal_days","Service"
25,7,"hedera","7:49","male","Summer_vacation","Service"
46,4,"hefa","18:29","male","Summer_vacation","Disconnection"
25,4,"ntanya","15:31","male","Summer_vacation","Service"
32,28,"hefa","19:44","male","Holidays","Service"
27,18,"karmel","21:24","male","Normal_days","complaint"
34,6,"telaviv","3:56","male","Normal_days","Disconnection"
40,10,"telaviv","21:53","male","Normal_days","Service"
48,4,"telaviv","15:13","male","Normal_days","complaint"
35,26,"ntanya","22:26","male","Holidays","Disconnection"
37,17,"telaviv","16:15","female","Normal_days","complaint"
38,10,"karmel","10:39","male","Summer_vacation","Service"
35,27,"hefa","2:59","male","Summer_vacation","joining"
30,11,"ashklon","10:01","male","Normal_days","Disconnection"
42,16,"ntanya","0:58","female","Summer_vacation","complaint"
20,28,"karmel","1:53","female","Holidays","joining"
33,5,"ariel","15:10","male","Normal_days","joining"
34,23,"ariel","10:59","female","Normal_days","joining"
23,10,"ashklon","11:47","female","Summer_vacation","Disconnection"
35,13,"hefa","16:00","female","Normal_days","Disconnection"
39,13,"hedera","22:01","male","Summer_vacation","complaint"
49,9,"telaviv","10:47","female","Summer_vacation","joining"
35,4,"ntanya","12:33","male","Holidays","complaint"
25,28,"hefa","9:30","female","Normal_days","complaint"
27,22,"hefa","6:13","male","Normal_days","Disconnection"
29,19,"telaviv","21:51","male","Holidays","joining"
25,28,"ashklon","13:02","female","Holidays","Service"
25,2,"telaviv","15:32","female","Normal_days","Disconnection"
20,6,"ntanya","4:33","female","Holidays","complaint"
42,10,"ntanya","14:30","male","Normal_days","Service"
33,30,"ashklon","6:39","female","Holidays","joining"
31,12,"telaviv","5:17","male","Holidays","complaint"
47,18,"hefa","15:10","female","Holidays","Disconnection"
39,9,"ariel","7:32","male","Normal_days","joining"
33,9,"hefa","8:06","male","Normal_days","complaint"
28,22,"ntanya","23:07","female","Summer_vacation","Service"
31,28,"ashklon","4:43","male","Normal_days","Disconnection"
21,15,"ntanya","12:28","male","Normal_days","Disconnection"
20,19,"ariel","6:39","male","Normal_days","Disconnection"
24,15,"telaviv","2:24","female","Holidays","Disconnection"
23,10,"ariel","24:50","male","Normal_days","complaint"
31,28,"ariel","10:36","male","Summer_vacation","joining"
34,9,"ntanya","10:11","male","Normal_days","joining"